trial_id,problem,optimizer,backend,config_json,metric_name,objective_value,total_time_sec,objective_time_sec,overhead_time_sec,suggest_time_sec,report_time_sec,worker_pid,timestamp_utc
0,diabetes_xgboost,ours,serial,"{""colsample_bytree"": 0.7208940064812239, ""learning_rate"": 0.08086377464805075, ""max_depth"": 4, ""min_child_weight"": 0.78351971773123, ""n_estimators"": 339, ""reg_alpha"": 1.260067558016997, ""reg_lambda"": 0.19053731921790723, ""subsample"": 0.7533581514906339}",rmse,58.371838110299386,0.07210913700004085,0.07173746600000186,0.0003716710000389867,0.00015119600004709355,0.0002182860000061737,580,2026-07-25T00:33:10.283779+00:00
1,diabetes_xgboost,ours,serial,"{""colsample_bytree"": 0.9026609613067162, ""learning_rate"": 0.11035697306057045, ""max_depth"": 3, ""min_child_weight"": 3.5713189397522673, ""n_estimators"": 112, ""reg_alpha"": 0.9196168698079765, ""reg_lambda"": 2.170617237062248, ""subsample"": 0.70082556258737}",rmse,55.356726668942414,0.019539782999970612,0.019290998000030868,0.000248784999939744,4.3852000032984506e-05,0.00020294699999112709,580,2026-07-25T00:33:10.303364+00:00
2,diabetes_xgboost,ours,serial,"{""colsample_bytree"": 0.7931919921870982, ""learning_rate"": 0.0159512666796283, ""max_depth"": 5, ""min_child_weight"": 0.728718323491464, ""n_estimators"": 488, ""reg_alpha"": 0.18165264862093256, ""reg_lambda"": 0.4279681961121303, ""subsample"": 0.7762611861108565}",rmse,57.45650316421436,0.15836487400002852,0.15811779199998455,0.0002470820000439744,3.859399998873414e-05,0.00020560000001523804,580,2026-07-25T00:33:10.461781+00:00
3,diabetes_xgboost,ours,serial,"{""colsample_bytree"": 0.9570985199469325, ""learning_rate"": 0.037774079406691995, ""max_depth"": 7, ""min_child_weight"": 2.977897241240375, ""n_estimators"": 488, ""reg_alpha"": 0.21493785078130023, ""reg_lambda"": 0.5953131537285533, ""subsample"": 0.9484388607385439}",rmse,59.422604271754196,0.2742604630000187,0.27400877799999535,0.0002516850000233717,4.481700000269484e-05,0.00020418799999788462,580,2026-07-25T00:33:10.736098+00:00
4,diabetes_xgboost,ours,serial,"{""colsample_bytree"": 0.8705731862911426, ""learning_rate"": 0.011100712654066237, ""max_depth"": 8, ""min_child_weight"": 2.249780793849673, ""n_estimators"": 127, ""reg_alpha"": 2.147060523993773, ""reg_lambda"": 1.6417037078440717, ""subsample"": 0.7633507321277946}",rmse,58.42197529411022,0.085179906999997,0.08491637000003038,0.00026353699996661817,4.74409999924319e-05,0.00021348100000295744,580,2026-07-25T00:33:10.821332+00:00
5,diabetes_xgboost,ours,serial,"{""colsample_bytree"": 0.9602335394538564, ""learning_rate"": 0.23958740882211232, ""max_depth"": 5, ""min_child_weight"": 1.5698425263765898, ""n_estimators"": 435, ""reg_alpha"": 2.551501257131966, ""reg_lambda"": 6.031457138998477, ""subsample"": 0.8663156415882622}",rmse,61.18600571145231,0.13260757500000864,0.1323749379999981,0.00023263700001052712,4.417999997485822e-05,0.00018556300000227566,580,2026-07-25T00:33:10.953991+00:00
6,diabetes_xgboost,ours,serial,"{""colsample_bytree"": 0.9011025089333233, ""learning_rate"": 0.027131665976461168, ""max_depth"": 7, ""min_child_weight"": 1.5756728203203274, ""n_estimators"": 208, ""reg_alpha"": 0.4371040385989221, ""reg_lambda"": 2.6767751183158226, ""subsample"": 0.7445748992364845}",rmse,58.272844149177885,0.13082310199996527,0.1306013079999957,0.00022179399996957727,4.3626999968182645e-05,0.0001751739999917845,580,2026-07-25T00:33:11.084863+00:00
7,diabetes_xgboost,ours,serial,"{""colsample_bytree"": 0.7159730988436291, ""learning_rate"": 0.057817720687388656, ""max_depth"": 6, ""min_child_weight"": 3.0421568312757143, ""n_estimators"": 66, ""reg_alpha"": 0.4221276808289861, ""reg_lambda"": 0.1101172955497888, ""subsample"": 0.9448689154534641}",rmse,58.55209978021177,0.028167971999948804,0.02797682900001064,0.0001911429999381653,4.407900001979215e-05,0.00014488199997231277,580,2026-07-25T00:33:11.113077+00:00
8,diabetes_xgboost,ours,serial,"{""colsample_bytree"": 0.9990552238310817, ""learning_rate"": 0.01407892032965142, ""max_depth"": 8, ""min_child_weight"": 0.8956598558916687, ""n_estimators"": 373, ""reg_alpha"": 0.9638920120602544, ""reg_lambda"": 0.4335655839420966, ""subsample"": 0.9056768440061371}",rmse,60.40557302065038,0.4259656049999876,0.4252374949999762,0.0007281100000113838,0.0004693700000188983,0.00025578000003179113,580,2026-07-25T00:33:11.539096+00:00
9,diabetes_xgboost,ours,serial,"{""colsample_bytree"": 0.847080333615327, ""learning_rate"": 0.10174171723364697, ""max_depth"": 4, ""min_child_weight"": 3.0682432694169024, ""n_estimators"": 297, ""reg_alpha"": 1.5443274024621552, ""reg_lambda"": 0.4851199281239117, ""subsample"": 0.9569909913584396}",rmse,59.233560977656495,0.06320194500000298,0.062379956000029324,0.0008219889999736552,0.0005625499999837302,0.0002563699999882374,580,2026-07-25T00:33:11.602352+00:00
10,diabetes_xgboost,ours,serial,"{""colsample_bytree"": 0.8146991757304074, ""learning_rate"": 0.26365441876673895, ""max_depth"": 2, ""min_child_weight"": 3.7441941508967793, ""n_estimators"": 439, ""reg_alpha"": 1.2236705388176072, ""reg_lambda"": 5.553139301395906, ""subsample"": 0.9511674683503784}",rmse,64.00086211577545,0.043400015000031544,0.042801795000002585,0.0005982200000289595,0.0004052670000191938,0.000190047999979015,580,2026-07-25T00:33:11.645799+00:00
11,diabetes_xgboost,ours,serial,"{""colsample_bytree"": 0.8815333193617412, ""learning_rate"": 0.11509068987335647, ""max_depth"": 8, ""min_child_weight"": 4.050055232761002, ""n_estimators"": 450, ""reg_alpha"": 2.325996689125442, ""reg_lambda"": 0.30273873199354046, ""subsample"": 0.8604885566447594}",rmse,57.84504784808182,0.17639073499998403,0.17580407199994852,0.0005866630000355144,0.00037918900000022404,0.00020416399996747714,580,2026-07-25T00:33:11.822270+00:00
12,diabetes_xgboost,ours,serial,"{""colsample_bytree"": 0.7912627048882067, ""learning_rate"": 0.009016453124817478, ""max_depth"": 2, ""min_child_weight"": 0.6782225277716313, ""n_estimators"": 86, ""reg_alpha"": 2.9803312073913912, ""reg_lambda"": 3.5745343453764553, ""subsample"": 0.9351619299047172}",rmse,61.774804450064835,0.012117315000011786,0.011496671999964292,0.0006206430000474938,0.00039702200001556776,0.00022161800001185838,580,2026-07-25T00:33:11.834436+00:00
13,diabetes_xgboost,ours,serial,"{""colsample_bytree"": 0.8632147126722812, ""learning_rate"": 0.007024537551349217, ""max_depth"": 5, ""min_child_weight"": 7.794331276869552, ""n_estimators"": 95, ""reg_alpha"": 0.804082115190504, ""reg_lambda"": 0.24080588537486147, ""subsample"": 0.9723725201128327}",rmse,61.62798705995921,0.0315599749999933,0.030952013999979044,0.0006079610000142566,0.00047319300000481235,0.00013322699999207543,580,2026-07-25T00:33:11.866041+00:00
14,diabetes_xgboost,ours,serial,"{""colsample_bytree"": 0.8634885209175198, ""learning_rate"": 0.007132879198387293, ""max_depth"": 4, ""min_child_weight"": 7.601927073772973, ""n_estimators"": 454, ""reg_alpha"": 0.36525183340694434, ""reg_lambda"": 0.10260879045805749, ""subsample"": 0.7489991914569993}",rmse,54.3638391024137,0.09203040199997758,0.09138626399999339,0.0006441379999841956,0.0004372409999859883,0.0002047109999807617,580,2026-07-25T00:33:11.958114+00:00
15,diabetes_xgboost,ours,serial,"{""colsample_bytree"": 0.9664385498680433, ""learning_rate"": 0.0649484211677036, ""max_depth"": 3, ""min_child_weight"": 1.604383241299754, ""n_estimators"": 335, ""reg_alpha"": 0.941249348505344, ""reg_lambda"": 0.8381813310880297, ""subsample"": 0.7602994320864775}",rmse,58.55776603398242,0.05665980800000625,0.05596592699998837,0.0006938810000178819,0.0004778999999643929,0.0002143040000532892,580,2026-07-25T00:33:12.014885+00:00
16,diabetes_xgboost,ours,serial,"{""colsample_bytree"": 0.9856714561933675, ""learning_rate"": 0.022552461009718687, ""max_depth"": 8, ""min_child_weight"": 0.7428214895312233, ""n_estimators"": 249, ""reg_alpha"": 1.1458998389812267, ""reg_lambda"": 0.20164611919968717, ""subsample"": 0.9355730961580334}",rmse,59.90111480337824,0.2996403860000214,0.2989331120000429,0.0007072739999784972,0.00044987600000467864,0.0002531069999918145,580,2026-07-25T00:33:12.314585+00:00
17,diabetes_xgboost,ours,serial,"{""colsample_bytree"": 0.9020929263363144, ""learning_rate"": 0.018712269534408497, ""max_depth"": 4, ""min_child_weight"": 0.5353307982019065, ""n_estimators"": 408, ""reg_alpha"": 1.4544751593226866, ""reg_lambda"": 0.26790634368623434, ""subsample"": 0.9662842642153291}",rmse,57.665382914871465,0.10216609100001506,0.1014899930000297,0.0006760979999853589,0.00044779800003880155,0.00022569699996211057,580,2026-07-25T00:33:12.416808+00:00
18,diabetes_xgboost,ours,serial,"{""colsample_bytree"": 0.9735639968272433, ""learning_rate"": 0.008072134010921954, ""max_depth"": 7, ""min_child_weight"": 0.6173513966726506, ""n_estimators"": 238, ""reg_alpha"": 1.132542082811664, ""reg_lambda"": 0.14141100453256933, ""subsample"": 0.9904697136445757}",rmse,61.62591118748266,0.22106939799999736,0.22041961000002175,0.0006497879999756151,0.00043437699997639356,0.00021238400000811453,580,2026-07-25T00:33:12.637930+00:00
19,diabetes_xgboost,ours,serial,"{""colsample_bytree"": 0.9998024800775751, ""learning_rate"": 0.03080239524682903, ""max_depth"": 6, ""min_child_weight"": 3.091806959806223, ""n_estimators"": 489, ""reg_alpha"": 1.4718975061238773, ""reg_lambda"": 1.1367788598981272, ""subsample"": 0.8198151296169283}",rmse,58.532657734673,0.18886425599998802,0.18817503899998655,0.000689217000001463,0.0004421550000301977,0.00024306799997475537,580,2026-07-25T00:33:12.826882+00:00
20,diabetes_xgboost,ours,serial,"{""colsample_bytree"": 0.7042877703400526, ""learning_rate"": 0.0159512666796283, ""max_depth"": 5, ""min_child_weight"": 3.989668803040967, ""n_estimators"": 323, ""reg_alpha"": 0.18165264862093256, ""reg_lambda"": 0.4279681961121303, ""subsample"": 0.7762611861108565}",rmse,55.83038802088429,0.08475291499996729,0.08447144699999853,0.00028146799996875416,5.881200002022524e-05,0.00021936600001026818,580,2026-07-25T00:33:12.911687+00:00
21,diabetes_xgboost,ours,serial,"{""colsample_bytree"": 0.9663419897945855, ""learning_rate"": 0.007132879198387293, ""max_depth"": 4, ""min_child_weight"": 3.0682432694169024, ""n_estimators"": 454, ""reg_alpha"": 1.5443274024621552, ""reg_lambda"": 0.4851199281239117, ""subsample"": 0.7489991914569993}",rmse,54.892215053115684,0.10045720300001904,0.10018046599998343,0.0002767370000356095,7.46309999613004e-05,0.00019942499994840546,580,2026-07-25T00:33:13.012194+00:00
22,diabetes_xgboost,ours,serial,"{""colsample_bytree"": 0.7583979643829089, ""learning_rate"": 0.018712269534408497, ""max_depth"": 4, ""min_child_weight"": 3.5713189397522673, ""n_estimators"": 128, ""reg_alpha"": 0.9196168698079765, ""reg_lambda"": 2.170617237062248, ""subsample"": 0.9644272733094754}",rmse,56.11840509694658,0.02764606900001354,0.027372690000049715,0.00027337899996382475,9.395899996889057e-05,0.00017717199995104238,580,2026-07-25T00:33:13.039885+00:00
23,diabetes_xgboost,ours,serial,"{""colsample_bytree"": 0.9020929263363144, ""learning_rate"": 0.11509068987335647, ""max_depth"": 8, ""min_child_weight"": 0.5353307982019065, ""n_estimators"": 408, ""reg_alpha"": 1.4544751593226866, ""reg_lambda"": 0.26790634368623434, ""subsample"": 0.8604885566447594}",rmse,61.8541059261378,0.23867734499998505,0.23841629000003195,0.0002610549999531031,4.6223000026657246e-05,0.0002119959999618004,580,2026-07-25T00:33:13.278611+00:00
24,diabetes_xgboost,ours,serial,"{""colsample_bytree"": 0.8815333193617412, ""learning_rate"": 0.04481463796272357, ""max_depth"": 6, ""min_child_weight"": 0.7428214895312233, ""n_estimators"": 249, ""reg_alpha"": 2.325996689125442, ""reg_lambda"": 0.30273873199354046, ""subsample"": 0.8604885566447594}",rmse,58.89054415953592,0.13033054200002425,0.13004614900000888,0.0002843930000153705,7.187299996758156e-05,0.00020969700000250668,580,2026-07-25T00:33:13.408992+00:00
25,diabetes_xgboost,ours,serial,"{""colsample_bytree"": 0.8634885209175198, ""learning_rate"": 0.0075395287103195525, ""max_depth"": 3, ""min_child_weight"": 7.601927073772973, ""n_estimators"": 454, ""reg_alpha"": 0.36525183340694434, ""reg_lambda"": 0.10260879045805749, ""subsample"": 0.7489991914569993}",rmse,53.31043692886858,0.060700984999982666,0.060416438999993716,0.0002845459999889499,5.9572999987267394e-05,0.00022213599999076905,580,2026-07-25T00:33:13.469745+00:00
26,diabetes_xgboost,ours,serial,"{""colsample_bytree"": 0.8561640848334044, ""learning_rate"": 0.06306058939685318, ""max_depth"": 8, ""min_child_weight"": 1.5756728203203274, ""n_estimators"": 208, ""reg_alpha"": 1.5443274024621552, ""reg_lambda"": 2.6767751183158226, ""subsample"": 0.7445748992364845}",rmse,60.07776129603824,0.15742477300000246,0.15715289199999916,0.0002718810000033045,6.015999997543986e-05,0.00020878499998389088,580,2026-07-25T00:33:13.627228+00:00
27,diabetes_xgboost,ours,serial,"{""colsample_bytree"": 0.7583979643829089, ""learning_rate"": 0.018712269534408497, ""max_depth"": 4, ""min_child_weight"": 0.728718323491464, ""n_estimators"": 128, ""reg_alpha"": 0.18165264862093256, ""reg_lambda"": 2.170617237062248, ""subsample"": 0.7762611861108565}",rmse,55.634799874100835,0.03470701200001258,0.03444947799999909,0.0002575340000134929,5.674900000940397e-05,0.0001985200000262921,580,2026-07-25T00:33:13.662032+00:00
28,diabetes_xgboost,ours,serial,"{""colsample_bytree"": 0.9026609613067162, ""learning_rate"": 0.0065805496214200706, ""max_depth"": 4, ""min_child_weight"": 3.5713189397522673, ""n_estimators"": 112, ""reg_alpha"": 1.6653822415333226, ""reg_lambda"": 2.170617237062248, ""subsample"": 0.70082556258737}",rmse,61.57298451329934,0.030847976000018207,0.030608232000020053,0.00023974399999815432,5.5365999969581026e-05,0.00018220900000187612,580,2026-07-25T00:33:13.692931+00:00
29,diabetes_xgboost,ours,serial,"{""colsample_bytree"": 0.7583979643829089, ""learning_rate"": 0.0075395287103195525, ""max_depth"": 8, ""min_child_weight"": 7.601927073772973, ""n_estimators"": 454, ""reg_alpha"": 1.6066834454701948, ""reg_lambda"": 2.170617237062248, ""subsample"": 0.7762611861108565}",rmse,55.03137865544302,0.16412699100004602,0.1638365890000273,0.0002904020000187302,5.412799998794071e-05,0.00023343300000533418,580,2026-07-25T00:33:13.857105+00:00
